year,E_LHV_H2,m_H2,V_H2,m_O2,V_O2,m_H2O,E_util,E_in,t_op_el,t_op_gen,t_fl_el,t_fl_gen
2014,2760.455502715786,82.84680380299478,921.0976931511374,660.3921980254383,462.55444041181255,743.6013534191975,1207.6726701100029,1333.3333333333317,0.16666666666666657,,,
