year,E_LHV_H2,m_H2,V_H2,m_O2,V_O2,m_H2O,E_util,E_in,E_cmp,CE_util,CE_cmp,emiss_E_util,emiss_E_cmp,t_op_el,t_op_gen,t_fl_el,t_fl_gen
2019,0.0,0.0,0.0,0.0,0.0,0.0,3111.833333333341,0.0,0.0,19565493.833333325,0.0,0,0,0.4999999999999987,,,
2018,0.0,0.0,0.0,0.0,0.0,0.0,2166.6666666666647,0.0,0.0,14833333.333333347,0.0,0,0,0.33333333333333265,,,
