year,E_LHV_H2,m_H2,V_H2,m_H2_ext,m_O2,V_O2,m_H2O,E_util,E_in,E_cmp,CE_util,CE_cmp,emiss_E_util,emiss_E_cmp,t_op_el,t_op_gen,t_fl_el,t_fl_gen
2019,6669.466090252756,200.16404832691344,2225.4406289968188,4787372.951811147,1588.6429501942591,1112.7233983660278,0.0,10317.277083801226,42166.66666666663,834422.1298723212,103172.77083801223,11378695.02268186,2527732.8855313007,208647968.65755007,0.352777777777777,,,
