year,E_LHV_H2,m_H2,V_H2,m_H2_ext,m_O2,V_O2,m_H2O,E_util,E_in,E_cmp,CE_util,CE_cmp,emiss_E_util,emiss_E_cmp,t_op_el,t_op_gen,t_fl_el,t_fl_gen
2019,21708.779707712252,651.5240008317003,7243.698328130137,4719069.358271146,5170.939291479013,3621.849164065072,5822.463292310711,34663.6981912249,42166.66666666663,820803.0936226704,370998.99668819056,11240086.216992376,8526442.188483354,205307945.82750666,1.1666666666666632,,,
