year,E_LHV_H2,m_H2,V_H2,m_O2,V_O2,m_H2O,E_util,E_in,E_cmp,CE_util,CE_cmp,emiss_E_util,emiss_E_cmp,t_op_el,t_op_gen,t_fl_el,t_fl_gen
2019,51420.54922227554,1543.2337701763367,17157.80211729752,12248.156826080573,8578.90105864877,13791.390596256912,81490.81993668067,97166.66666666634,176.46486780027195,137329.88075563702,302.0280585752484,19749574.885152336,42773.85866215182,2.333333333333326,,,
