year,E_LHV_H2,m_H2,V_H2,m_O2,V_O2,m_H2O,E_util,E_in,E_cmp,CE_util,CE_cmp,emiss_E_util,emiss_E_cmp,t_op_el,t_op_gen,t_fl_el,t_fl_gen
2019,30741.15329970554,922.6036404473451,10257.584431738473,7322.539885142304,5128.88151781997,0.0,49237.17192315368,97166.66666666634,105.49182943029496,-12754.777098853509,-48.514621149411454,11883446.092387246,25453.068417701754,1.8333333333333275,,,
